{
  "top": {
    "mastery80": 62,
    "backlog": 3,
    "engagement": 5.6
  },
  "trend": {
    "labels": [
      "W1",
      "W2",
      "W3",
      "W4",
      "W5",
      "W6",
      "W7",
      "W8"
    ],
    "values": [
      50,
      53,
      55,
      58,
      60,
      64,
      68,
      72
    ]
  },
  "alerts": [
    "Grade 9 Science meets target",
    "Math enrichment recommended for top cohort"
  ],
  "heatmap": {
    "labels": [
      "G8",
      "G9",
      "G10",
      "G11",
      "G12"
    ],
    "matrix": [
      [
        62,
        70,
        75,
        80,
        83
      ],
      [
        55,
        60,
        64,
        68,
        72
      ],
      [
        48,
        54,
        60,
        65,
        71
      ],
      [
        70,
        72,
        75,
        78,
        82
      ],
      [
        58,
        61,
        66,
        70,
        73
      ]
    ]
  },
  "risk": {
    "summary": "6 students at-risk \u2192 5 responded to remediation",
    "students": [
      {
        "name": "Arjun",
        "reason": "Low mastery in Linear Equations"
      },
      {
        "name": "Meera",
        "reason": "Attendance < 75%"
      }
    ]
  }
}